"record_id","policy_id","entry_type","correct_type","update_type","update_level","description","date_announced","date_start","date_end","country","ISO_A3","ISO_A2","init_country_level","domestic_policy","province","ISO_L2","city","type","type_sub_cat","type_text","institution_status","target_country","target_geog_level","target_region","target_province","target_city","target_other","target_who_what","target_direction","travel_mechanism","compliance","enforcer","index_high_est","index_med_est","index_low_est","index_country_rank","link","date_updated","recorded_date"
"R_3JmvZFetXpQ0uMyNA","465517","new_entry","original",NA,NA,"Denmark is enforcing a restriction of mass gatherings after march 11: it is recommending to cancel events with more than 100 participants.",2020-03-11,2020-03-11,NA,"Denmark","DNK","DK","National",1,NA,NA,NA,"Restrictions of Mass Gatherings",NA,NA,NA,"Denmark",NA,NA,NA,NA,NA,NA,NA,NA,"Voluntary/Recommended but No Penalties","National Government,Ministry/Department of Health",51.6788019930972,50.511078175115,49.3401460405284,105,"https://nyheder.tv2.dk/samfund/2020-03-11-mette-f-forsamlinger-over-100-mennesker-skal-forbydes",2020-04-02,2020-04-02 10:41:15
"R_3knpYSiXOygHo5wNA","465517","update","original",NA,NA,"Denmark is enforcing a restriction of mass gatherings:  It became illegal to assemble more than ten people in public after march 18. UPDATE: Now the number of people allowed in public space are only 10, and now it's not volunatry anymore but enforced with fines",2020-03-18,2020-03-18,NA,"Denmark","DNK","DK","National",1,NA,NA,NA,"Restrictions of Mass Gatherings",NA,NA,NA,"Denmark",NA,NA,NA,NA,NA,NA,NA,NA,"Mandatory with Fines","National Government,Police",54.2464852964509,53.3273487191346,52.3703169454544,167,"https://www.dr.dk/nyheder/politik/faa-overblikket-over-de-nye-corona-tiltag-se-hvad-du-ikke-maa-fra-i-dag-klokken-10",2020-04-02,2020-04-02 10:57:52
"R_3n1J7eUW6C0Pss9NA","8711424","new_entry","original",NA,NA,"From March 19, 2020 until March 31, 2020 in France, in accordance with the national lockdown, movement outside of the home is prohibited except for the following reasons: 
(1) Journeys between home and work that cannot be postponed.
(2) Travel to purchase basic necessities such as groceries.
(3) Travel for health reasons
(4) Travel for compelling family reasons, for the assistance of vulnerable people or for childcare.
(5) Short trips, close to home, related to the individual physical activity (exclusion team sports) and the needs of pets. 
(6) Travel to report to law enforcement.
(7) Travel to report to administrative or judicial authorities.
(8) Travel at the request of the administrative authority.
Local government officials may further restrict movement if local conditions require. People traveling outside of the home for these exceptions must bring documentation justifying their movements fall within the scope of these exceptions. Violation of limits on moving outside one's home, failure to bring documentation justifying an authorized trip, and violation of additional local restrictions where applicable will be punished with a fine of 135 euros on a first offense and 375 euros on the second offense.",2020-03-19,2020-03-19,2020-03-31,"France","FRA","FR","National",1,NA,NA,NA,"Lockdown",NA,NA,NA,"France",NA,NA,NA,NA,NA,NA,NA,NA,"Mandatory with Fines,Mandatory with Exceptions (Please list exceptions in the text entry)","National Government,Ministry/Department of Health,Military,Provincial/State Government,Police",53.3496363867802,52.0452217470288,50.814371308507,116,"https://www.legifrance.gouv.fr/download/file/7vnzIaj8XMv2_t1BU1xU3GjXbwEqgi4p1G3fTjlpsFU=/JOE_TEXTE ; https://www.legifrance.gouv.fr/download/file/_OM0aowJhCyfJwlpPPeet2tNZQof1c2Qp-2fi6DyRpM=/JOE_TEXTE ; https://www.legifrance.gouv.fr/download/file/kdRvwoE6LswOjQsxQYyZiWtc_Fh71x9KoG_z3damffY=/JOE_TEXTE",2020-11-08,2020-11-08 19:25:56
"R_1HboYpnbkdfrBYiNA","8711424","update","original","End of Policy",NA,"From March 19, 2020 until March 31, 2020 in France, in accordance with the national lockdown, movement outside of the home is prohibited except for the following reasons: 
(1) Journeys between home and work that cannot be postponed.
(2) Travel to purchase basic necessities such as groceries.
(3) Travel for health reasons
(4) Travel for compelling family reasons, for the assistance of vulnerable people or for childcare.
(5) Short trips, close to home, related to the individual physical activity (exclusion team sports) and the needs of pets. 
(6) Travel to report to law enforcement.
(7) Travel to report to administrative or judicial authorities.
(8) Travel at the request of the administrative authority.
Local government officials may further restrict movement if local conditions require. People traveling outside of the home for these exceptions must bring documentation justifying their movements fall within the scope of these exceptions. Violation of limits on moving outside one's home, failure to bring documentation justifying an authorized trip, and violation of additional local restrictions where applicable will be punished with a fine of 135 euros on a first offense and 375 euros on the second offense. UPDATE: On March 23, 2020, the French Ministry of Solidarity and Health edited the exceptions to the lockdown ban on movement of people out of their homes",2020-03-23,2020-03-23,2020-03-31,"France","FRA","FR","National",1,NA,NA,NA,"Lockdown",NA,NA,NA,"France",NA,NA,NA,NA,NA,NA,NA,NA,"Mandatory with Fines,Mandatory with Exceptions (Please list exceptions in the text entry)","National Government,Ministry/Department of Health,Military,Provincial/State Government,Police",53.5339151073305,52.2620640312545,51.1094325432801,104,"NA",2020-11-12,2020-11-12 17:39:53
"R_V23SH7h2yvEGfi9Dn","5407266","new_entry","original",NA,NA,"As of March 16, 2020, Lower Saxony (Germany) orders schools, day care centres, universities to close until April 18, 2020 until further notice. For students in their senior year (""Abitur"") the rule expires on April 14, 2020. Emergency care (""Notbetreuung"") in small groups - both in schools and child care facilities - is provided for children whose parents work in critical infrastructure. This includes workers in the medical, health and governmental sector, police / firefighters / emergency relief services and penal system. Also included are children of people facing severe hardship, for instance threat of layoff and substantial loss of income",2020-03-16,2020-03-16,2020-04-18,"Germany","DEU","DE","Provincial",1,"Lower Saxony",NA,NA,"Closure and Regulation of Schools","Primary Schools (generally for children ages 10 and below)",NA,"Primary Schools closed/locked down","Germany",NA,NA,NA,NA,NA,NA,NA,NA,"Mandatory (Unspecified/Implied)","Provincial/State Government",53.4608426243837,52.5732275976286,51.6892299978738,150,"https://www.ms.niedersachsen.de/startseite/service_kontakt/presseinformationen/massnahmen-im-kampf-gegen-covid-19-186140.html",2020-07-13,2020-07-13 08:08:46
"R_06YuefCsc398mxHDn","3972475","new_entry","original",NA,NA,"Bremen (Germany) closes all schools on March 16.",2020-03-13,2020-03-16,2020-06-15,"Germany","DEU","DE","Provincial",1,"Bremen","DE-HB",NA,"Closure and Regulation of Schools","Primary Schools (generally for children ages 10 and below)",NA,"Primary Schools closed/locked down","Germany",NA,NA,NA,NA,NA,NA,NA,NA,"Mandatory (Unspecified/Implied)","Provincial/State Government",53.4608426243837,52.5732275976286,51.6892299978738,150,"https://www.weser-kurier.de/bremen/bremen-stadt_artikel,-bremen-macht-schulen-und-kitas-dicht-_arid,1902850.html",2020-08-14,2020-08-14 10:14:47
"R_3sgqoyFK9l1bMt4Dn","6304199","new_entry","original",NA,NA,"In the German state of Rheinland-Pfalz, as of schools and daycare centers will close March 16.",2020-03-13,2020-03-16,2021-05-01,"Germany","DEU","DE","Provincial",1,"Rheinland-Pfalz","DE-RP",NA,"Closure and Regulation of Schools","Primary Schools (generally for children ages 10 and below)",NA,"Primary Schools closed/locked down","Germany",NA,NA,NA,NA,NA,NA,NA,NA,"Mandatory (Unspecified/Implied)","Provincial/State Government",53.4608426243837,52.5732275976286,51.6892299978738,150,"https://merkurist.de/mainz/wegen-coronavirus-schulen-und-kitas-in-rheinland-pfalz-ab-montag-geschlossen_w9o",2020-09-14,2020-09-14 17:04:51
"R_3JCQbQ3Ax0HS267Dn","8743941","new_entry","original",NA,NA,"As of March 18, Brandenburg (Germany) prohibits the provision of lessons and the operation of all daycare centres and schools until April 19 inclusively. For universities, the start of attendance courses in the summer semester will be postponed to April 20.
",2020-03-13,2020-03-18,2020-04-19,"Germany","DEU","DE","Provincial",1,"Brandenburg","DE-BR",NA,"Closure and Regulation of Schools","Primary Schools (generally for children ages 10 and below)",NA,"Primary Schools closed/locked down","Germany",NA,NA,NA,NA,NA,NA,NA,NA,"Mandatory (Unspecified/Implied),Mandatory with Exceptions (Please list exceptions in the text entry)","Ministry/Department of Health,Provincial/State Government",53.8568029316462,52.714782694015,51.5929936835892,145,"https://msgiv.brandenburg.de/msgiv/de/presse/pressemitteilungen/detail/~13-03-2020-coronavirus-an-kitas-und-schulen-ab-mittwoch-keine-betreuung-und-unterricht ; https://mbjs.brandenburg.de/aktuelles/pressemitteilungen.html?news=bb1.c.661521.de",2020-04-03,2020-04-03 14:23:52
"R_10osNArA0NVhmhMDn","5391708","new_entry","original",NA,NA,"In Saxony (Germany) all schools and preschool facilities are closed from March 18.",2020-03-17,2020-03-18,2020-05-18,"Germany","DEU","DE","Provincial",1,"Saxony","DE-SN",NA,"Closure and Regulation of Schools","Primary Schools (generally for children ages 10 and below)",NA,"Primary Schools closed/locked down","Germany",NA,NA,NA,NA,NA,NA,NA,NA,"Mandatory with Exceptions (Please list exceptions in the text entry)","Provincial/State Government",53.8568029316462,52.714782694015,51.5929936835892,145,"https://medienservice.sachsen.de/medien/news/235114",2020-08-31,2020-08-31 13:05:26
"R_2ruoQEeSS33M7PeDn","5391708","update","original","Change of Policy","Strengthening","In Saxony (Germany) all schools and preschool facilities are closed from March 18. The policy is extended. UPDATE: The policy is extended.",2020-04-15,2020-04-18,2020-05-18,"Germany","DEU","DE","Provincial",1,"Saxony","DE-SN",NA,"Closure and Regulation of Schools","Primary Schools (generally for children ages 10 and below)",NA,"Primary Schools closed/locked down","Germany",NA,NA,NA,NA,NA,NA,NA,NA,"Mandatory with Exceptions (Please list exceptions in the text entry)","Provincial/State Government",54.9726676841366,53.371288494309,51.9243759816041,116,"NA",2020-08-31,2020-08-31 13:50:34
"R_3oYOo3Ionh3NKPjDn","4323992","new_entry","original",NA,NA,"In Bremen (Germany) public and privately run schools and independent schools as well as public and private day care and childcare facilities will not be opened for teaching or childcare operations (including working groups, instruction and similar school events).",2020-04-17,2020-04-20,2020-05-05,"Germany","DEU","DE","Provincial",1,"Bremen","DE-HB",NA,"Closure and Regulation of Schools","Primary Schools (generally for children ages 10 and below)",NA,"Primary Schools closed/locked down","Germany",NA,NA,NA,NA,NA,NA,NA,NA,"Mandatory (Unspecified/Implied)","Provincial/State Government,Police",55.3815117326,53.2978206797501,51.5670264050254,111,"https://www.transparenz.bremen.de/vorschrift_detail/bremen2014_tp.c.147322.de",2020-12-21,2020-12-21 16:35:00
"R_3MsV6bmOfWiQo78Dn","5391708","update","original","Change of Policy","Relaxing","In Saxony (Germany) all schools and preschool facilities are closed from March 18. From April 22, all classes having final exams 2020 are an exception. UPDATE: From April 22, all classes having final exams 2020 are an exception.",2020-04-15,2020-04-22,2020-05-18,"Germany","DEU","DE","Provincial",1,"Saxony","DE-SN",NA,"Closure and Regulation of Schools","Primary Schools (generally for children ages 10 and below)",NA,"Primary Schools closed/locked down","Germany",NA,NA,NA,NA,NA,NA,NA,NA,"Mandatory with Exceptions (Please list exceptions in the text entry)","Provincial/State Government",56.0782629879484,53.3430943428689,51.4465553599252,112,"NA",2020-08-31,2020-08-31 13:49:11
"R_2YS3HlnN0whqCckDn","5195126","new_entry","correction",NA,NA,"In Germany, Saxony-Anhalt, schools remain closed for students which do not have final exams this year. Gradually reopening for this classes is forseen on May 4th. Children of parents who dont work in an essential business are not allowed to return to Kindergarten yet.",2020-04-20,2020-04-23,2020-05-04,"Germany","DEU","DE","Provincial",1,"Saxony-Anhalt",NA,NA,"Closure and Regulation of Schools","Primary Schools (generally for children ages 10 and below)",NA,"Primary Schools closed/locked down","Germany",NA,NA,NA,NA,NA,"All Residents (Citizen Residents +Foreign Residents)",NA,NA,"Mandatory with Exceptions (Please list exceptions in the text entry)","Provincial/State Government",55.9384796534198,53.3091583915484,50.9663196044796,111,"NA",2020-09-18,2020-09-18 11:18:56
"R_2CODphdB1Wh2k3kDn","5391708","update","original","End of Policy","Strengthening","In Saxony (Germany) all schools and preschool facilities are closed from March 18. The policy ends on May 18. UPDATE: The policy ends on May 18.",2020-05-12,2020-05-18,2020-05-18,"Germany","DEU","DE","Provincial",1,"Saxony","DE-SN",NA,"Closure and Regulation of Schools","Primary Schools (generally for children ages 10 and below)",NA,"Primary Schools closed/locked down","Germany",NA,NA,NA,NA,NA,NA,NA,NA,"Mandatory with Exceptions (Please list exceptions in the text entry)","Provincial/State Government",NA,NA,NA,NA,"NA",2020-08-31,2020-08-31 14:09:11
"R_XiA6tje13XO3VYtDn","3972475","update","original","End of Policy",NA,"Bremen (Germany) closes all schools on March 16. The policy ends on June 15. UPDATE: The policy ends on June 15.",2020-06-09,2020-06-15,2020-06-15,"Germany","DEU","DE","Provincial",1,"Bremen","DE-HB",NA,"Closure and Regulation of Schools","Primary Schools (generally for children ages 10 and below)",NA,"Primary Schools closed/locked down","Germany",NA,NA,NA,NA,NA,NA,NA,NA,"Mandatory (Unspecified/Implied)","Provincial/State Government",NA,NA,NA,NA,"NA",2020-08-14,2020-08-14 10:17:40
"R_2BqTbDhsFFW3JM5Cf","6304199","update","original","Change of Policy","Relaxing","In the German state of Rheinland-Pfalz, schools will start to reopen on May 4. UPDATE: Schools will reopen starting May 4.",2020-04-21,2020-05-04,2021-05-01,"Germany","DEU","DE","Provincial",1,"Rheinland-Pfalz","DE-RP",NA,"Health Resources","Masks",NA,NA,"Germany",NA,NA,NA,NA,NA,NA,NA,NA,"Mandatory (Unspecified/Implied)","Provincial/State Government",NA,NA,NA,NA,"NA",2020-09-14,2020-09-14 17:31:11
"R_2BqTbDhsFFW3JM5Bj","6304199","update","original","Change of Policy","Relaxing","In the German state of Rheinland-Pfalz, schools will start to reopen on May 4. UPDATE: Schools will reopen starting May 4.",2020-04-21,2020-05-04,2021-05-01,"Germany","DEU","DE","Provincial",1,"Rheinland-Pfalz","DE-RP",NA,"Health Resources","Hand Sanitizer",NA,NA,"Germany",NA,NA,NA,NA,NA,NA,NA,NA,"Mandatory (Unspecified/Implied)","Provincial/State Government",NA,NA,NA,NA,"NA",2020-09-14,2020-09-14 17:31:11
"R_uh4EtlLi0MQGcq5Fd","6304199","update","original","Change of Policy","Relaxing","In the German state of Rheinland-Pfalz, the updated school hygiene plan will go into effect August 17. Schools will open in person with restrictions for the 20-21 school year. A mouth and nose covering is required in hallways, stairwells, and cafeterias. The sanitary area must be cleaned once a day. Suspected Coronavirus cases must be reported to the state health department. Confirmed cases must be dealt with according to state law. UPDATE: Schools will reopen for the 2020-2021 school year on a normal schedule in accordance with the hygiene plan released August 17.",2020-08-17,2020-08-17,2021-05-01,"Germany","DEU","DE","Provincial",1,"Rheinland-Pfalz","DE-RP",NA,"Health Resources","Unspecified Health Materials",NA,NA,"Germany",NA,NA,NA,NA,NA,NA,NA,NA,"Mandatory (Unspecified/Implied)","Provincial/State Government",NA,NA,NA,NA,"NA",2020-09-14,2020-09-14 17:36:06
"R_TjbfyTSD4dmfYE9NA","6594252","new_entry","original",NA,NA,"The German state of Saarland will go into lockdown, winding down public life almost totally. This will go into effect for an initial period of 2 weeks starting March 20.",2020-03-20,2020-03-20,2020-04-03,"Germany","DEU","DE","Provincial",1,"Saarland","DE-SL",NA,"Lockdown",NA,NA,NA,"Germany",NA,NA,NA,NA,NA,NA,NA,NA,"Mandatory (Unspecified/Implied)","Provincial/State Government",54.2615468590291,52.8314284957133,51.3284205473256,143,"https://www.thelocal.de/20200320/bavaria-becomes-first-german-state-to-impose-lockdown",2020-09-03,2020-09-03 01:39:13
"R_2dg0xvPyfE3F8xeNA","5767119","new_entry","original",NA,NA,"Saarland (Germany) is imposing a lockdown on all citizens on March 21. People may not leave their homes except for urgent reasons.",2020-03-21,2020-03-21,2020-04-28,"Germany","DEU","DE","Provincial",1,"Saarland","DE-SL",NA,"Lockdown",NA,NA,NA,"Germany",NA,NA,NA,NA,NA,NA,NA,NA,"Mandatory (Unspecified/Implied)","Provincial/State Government",54.0725132847155,52.8679998080405,51.6268939973682,143,"https://www.sr.de/sr/home/nachrichten/politik_wirtschaft/corona_hans_ausgangsbeschraenkungen_100.html",2020-08-08,2020-08-08 10:12:54
"R_10CrmXDwVp87PgQNA","2877147","new_entry","original",NA,NA,"Berlin (Germany) enforces a lockdown from March 23 until April 19. People may only leave their homes for urgent reasons.",2020-03-23,2020-03-23,2020-04-26,"Germany","DEU","DE","Provincial",1,"Berlin","DE-BE",NA,"Lockdown",NA,NA,NA,"Germany",NA,NA,NA,NA,NA,NA,NA,NA,"Mandatory (Unspecified/Implied)","Provincial/State Government",54.3349823846369,53.1197808740583,51.8216797552672,148,"https://www.rbb24.de/politik/thema/2020/coronavirus/beitraege/ausgangsbeschraenkung-kontaktverbot-berlin-was-ist-erlaubt.html",2020-08-08,2020-08-08 10:25:38
"R_2CcPS1wmkAQ6ZtxNA","3880162","new_entry","original",NA,NA,"Brandenburg (Germany) enforces a Lockdown from March 23 until April 19. People may only leave their homes for urgent reasons.",2020-03-23,2020-03-23,2020-04-19,"Germany","DEU","DE","Provincial",1,"Brandenburg","DE-BR",NA,"Lockdown",NA,NA,NA,"Germany",NA,NA,NA,NA,NA,NA,NA,NA,"Mandatory (Unspecified/Implied)","Provincial/State Government",54.3349823846369,53.1197808740583,51.8216797552672,148,"https://www.rbb24.de/politik/thema/2020/coronavirus/beitraege/brandenburg-kontaktverbot-ausgangsbeschraenkung-ausnahmen-erlaub.html",2020-08-08,2020-08-08 10:28:54
"R_32YfIuFAGRoqL1BNA","2877147","update","original","Change of Policy","Strengthening","Berlin (Germany) enforces a lockdown from March 23 until April 19. People may only leave their homes for urgent reasons. The policy is extended until April 26. UPDATE: The policy is extended until April 26.",2020-04-17,2020-04-19,2020-04-26,"Germany","DEU","DE","Provincial",1,"Berlin","DE-BE",NA,"Lockdown",NA,NA,NA,"Germany",NA,NA,NA,NA,NA,NA,NA,NA,"Mandatory (Unspecified/Implied)","Provincial/State Government",55.2033534388431,53.2959667242451,51.8529378800431,111,"NA",2020-08-21,2020-08-21 10:37:48
"R_2TsZminIXjjDOIBNA","5767119","update","original","End of Policy",NA,"Saarland (Germany) is imposing a lockdown on all citizens on March 21. People may not leave their homes except for urgent reasons. The policy ends on April 28. UPDATE: The policy ends on April 28.",2020-04-28,2020-04-28,2020-04-28,"Germany","DEU","DE","Provincial",1,"Saarland","DE-SL",NA,"Lockdown",NA,NA,NA,"Germany",NA,NA,NA,NA,NA,NA,NA,NA,"Mandatory (Unspecified/Implied)","Provincial/State Government",56.4082481516328,53.3124047018945,49.7991309709459,112,"NA",2020-08-08,2020-08-08 10:15:32
"R_1jYOJV4iLlcJq9oEo","2008599","new_entry","correction",NA,NA,"As of April 9, 2020, Thuringia enacts quarantine rules for incoming and returning travelers. People who enter Thuringia by land, sea or air from a country outside the Federal Republic of Germany are obliged to go directly to their own home or other suitable accommodation immediately after entering the country to remain isolated there for a period of 14 days after entering the country.",2020-04-09,2020-04-10,2020-06-15,"Germany","DEU","DE","Provincial",1,"Thuringia",NA,NA,"Quarantine","Self-Quarantine (i.e. quarantine at home)",NA,NA,"Germany",NA,NA,NA,NA,NA,NA,NA,NA,"Mandatory with Fines","Provincial/State Government",55.0973640526902,53.2942065968868,51.7127732025536,115,"https://corona.thueringen.de/behoerden/ausgewaehlte-verordnungen/",2021-01-18,2021-01-18 09:37:23
"R_1jk2VhbYA04rcqhEo","2008599","update","correction",NA,"Strengthening","As of April 9, 2020, Thuringia enacts quarantine rules for incoming and returning travelers. People who enter Thuringia by land, sea or air from a country outside the Federal Republic of Germany are obliged to go directly to their own home or other suitable accommodation immediately after entering the country to remain isolated there for a period of 14 days after entering the country. The original quarantine was set to last until May 6, 2020, it has been extended to May 25, 2020. UPDATE: The original quarantine was set to last until May 6, 2020 it has been extended to May 25, 2020",2020-05-25,2020-05-26,2020-06-15,"Germany","DEU","DE","Provincial",1,"Thuringia",NA,NA,"Quarantine","Self-Quarantine (i.e. quarantine at home)",NA,NA,"Germany",NA,NA,NA,NA,NA,NA,NA,NA,"Mandatory with Fines","Provincial/State Government",NA,NA,NA,NA,"https://corona.thueringen.de/behoerden/ausgewaehlte-verordnungen/",2021-01-18,2021-01-18 09:43:01
"R_3KVoRG5ppap93UtEo","2008599","update","correction",NA,"Strengthening","As of April 9, 2020 Thuringia enacts quarantine rules for incoming and returning travelers. People who enter Thuringia by land, sea or air from a country outside the Federal Republic of Germany are obliged to go directly to their own home or other suitable accommodation immediately after entering the country to remain isolated there for a period of 14 days after entering the country. The original quarantine was set to last until May 6, 2020, it has been extended to May 25, 2020. The geographical target of the policy has changed as of 26 May 2020. UPDATE: The geographical target of the policy has changed as of 26 May 2020.",2020-05-25,2020-05-26,2020-06-15,"Germany","DEU","DE","Provincial",1,"Thuringia",NA,NA,"Quarantine","Self-Quarantine (i.e. quarantine at home)",NA,NA,"Germany",NA,NA,NA,NA,NA,NA,NA,NA,"Mandatory with Fines","Provincial/State Government",NA,NA,NA,NA,"https://corona.thueringen.de/behoerden/ausgewaehlte-verordnungen/",2021-01-18,2021-01-18 09:44:39
"R_1l3JRUIHyWdfcBiDa","9472025","new_entry","correction",NA,NA,"Baden-Württemberg (Germany) closes its playgrounds on March 16.",2020-03-16,2020-03-16,2020-05-06,"Germany","DEU","DE","Provincial",1,"Baden-Wuerttemberg","DE-BW",NA,"Restriction and Regulation of Government Services","Other public outdoor spaces",NA,"This service is no longer provided by the government","Germany",NA,NA,NA,NA,NA,NA,NA,NA,"Mandatory (Unspecified/Implied)","Provincial/State Government",53.4608426243837,52.5732275976286,51.6892299978738,150,"https://www.schwarzwaelder-bote.de/inhalt.coronavirus-bald-auch-geschaefte-und-spielplaetze-dicht.ee000143-5cb9-4f85-9646-f5cdacaa1217.html",2021-01-19,2021-01-19 14:34:51
"R_3mmBThrGGhbuXrgDa","5450669","new_entry","original",NA,NA,"Baden-Württemberg (Germany) allows its playgrounds to open from May 6 (hygiene measures required).",2020-04-30,2020-05-06,2020-05-06,"Germany","DEU","DE","Provincial",1,"Baden-Wuerttemberg","DE-BW",NA,"Restriction and Regulation of Government Services","Other public outdoor spaces",NA,"This service provided by the government is provided with conditions atttached","Germany",NA,NA,NA,NA,NA,NA,NA,NA,"Mandatory (Unspecified/Implied)","Provincial/State Government",NA,NA,NA,NA,"https://www.baden-wuerttemberg.de/de/service/alle-meldungen/meldung/pid/weitere-lockerungen-der-corona-verordnung/",2020-08-19,2020-08-19 07:28:30
"R_3CIvUWy14r0Uc9PDa","9472025","update","original","End of Policy",NA,"Baden-Württemberg (Germany) closes its playgrounds on March 16. The policy ends on May 6. UPDATE: The policy ends on May 6.",2020-04-30,2020-05-06,2020-05-06,"Germany","DEU","DE","Provincial",1,"Baden-Wuerttemberg","DE-BW",NA,"Restriction and Regulation of Government Services","Other public outdoor spaces",NA,"This service is no longer provided by the government","Germany",NA,NA,NA,NA,NA,NA,NA,NA,"Mandatory (Unspecified/Implied)","Provincial/State Government",NA,NA,NA,NA,"NA",2020-08-19,2020-08-19 07:15:06
"R_1okbXD7VdLtwbl7NA","4990416","new_entry","original",NA,NA,"As of July 7, Thuringia Government imposing restrictions of mass gatherings. If there are more than 75 people in the open air, the event must be reported to the responsible district or city. This must be done 48 hours in advance. Measures to ensure the traceability of the participating people to determine chains of infection are also taken.",2020-07-07,2020-07-16,2020-10-31,"Germany","DEU","DE","Provincial",1,"Thuringia",NA,NA,"Restrictions of Mass Gatherings",NA,NA,NA,"Germany",NA,NA,NA,NA,NA,NA,NA,NA,"Mandatory with Fines","Provincial/State Government",NA,NA,NA,NA,"https://www.tmasgff.de/fileadmin/user_upload/Gesundheit/Dateien/COVID-19/Verordnung/20200707_ThuerVO_Verbesserung_Eindaemmung_SARS-CoV-2.pdf",2020-09-26,2020-09-26 22:10:27
"R_32PfNHw9adt7waKNA","4990416","update","original","Change of Policy","Relaxing","As of July 7, Thuringia Government imposing restrictions of mass gatherings. If there are more than 75 people in the open air, the event must be reported to the responsible district or city. This must be done 48 hours in advance. Measures to ensure the traceability of the participating people to determine chains of infection are also taken. The originally more than 75 people in the open air must be reported to the authorities, now the number has increased to 100. UPDATE: The originally more than 75 people in the open air must be reported to the authorities, now the number has increased to 100.",2020-08-20,2020-08-30,2020-10-31,"Germany","DEU","DE","Provincial",1,"Thuringia",NA,NA,"Restrictions of Mass Gatherings",NA,NA,NA,"Germany",NA,NA,NA,NA,NA,NA,NA,NA,"Mandatory with Fines","Provincial/State Government",NA,NA,NA,NA,"NA",2020-10-03,2020-10-03 20:50:31
"R_3h4Gwl2gBvEKVZlNA","4990416","update","original","Change of Policy","Strengthening","As of July 7, Thuringia Government imposing restrictions of mass gatherings. If there are more than 75 people in the open air, the event must be reported to the responsible district or city. This must be done 48 hours in advance. Measures to ensure the traceability of the participating people to determine chains of infection are also taken.The previous restriction of mass gathering policy was set to last until September 30, it has been extended to October 31. UPDATE: The previous restriction of mass gathering policy was set to last until September 30, it has been extended to October 31.",2020-09-21,2020-09-30,2020-10-31,"Germany","DEU","DE","Provincial",1,"Thuringia",NA,NA,"Restrictions of Mass Gatherings",NA,NA,NA,"Germany",NA,NA,NA,NA,NA,NA,NA,NA,"Mandatory with Fines","Provincial/State Government",NA,NA,NA,NA,"NA",2020-11-09,2020-11-09 01:17:44
"R_1f1sjyg0WdORixOFq","1638952","new_entry","original",NA,NA,"In Bavaria (Germany), from September 22 there will need to be a mask obligation in municipal risk areas (over 50 new infections on 100.000 inhabitants) implemented within 7 days.",2020-09-22,2020-09-22,NA,"Germany","DEU","DE","Provincial",1,"Bavaria","DE-BY",NA,"Social Distancing","Wearing Masks in all public spaces/everywhere",NA,NA,"Germany","One or more cities within a country",NA,"Bavaria","municipal risk areas (over 50 new infections on 100.000 inhabitants)",NA,"All (Travelers + Residents)",NA,"Not Applicable","Mandatory (Unspecified/Implied)","Provincial/State Government",NA,NA,NA,NA,"https://www.sueddeutsche.de/bayern/corona-bayern-news-infektionen-altersgruppen-1.5038997",2020-09-22,2020-09-22 08:00:14
"R_3kiVnKMOSq1p5S7Dn","6769009","new_entry","original",NA,NA,"March 9, 2020: With DPCM 9 Marzo, the Governments declares that in-person activities will be suspended for all school levels. This includes pre-school, Universities and all degree-granting institutions. 
The proceedings do not apply to specialization courses and traineeship for medical schools and healthcare professions.",2020-03-09,2020-03-10,2020-04-13,"Italy","ITA","IT","National",1,NA,NA,NA,"Closure and Regulation of Schools","Primary Schools (generally for children ages 10 and below)",NA,"Primary Schools closed/locked down","Italy",NA,NA,NA,NA,NA,NA,NA,NA,"Mandatory (Unspecified/Implied)","National Government,Ministry/Department of Health",54.4352913098796,53.5706238206346,52.5572594035984,191,"https://www2.slideshare.net/Palazzo_Chigi/dpcm-9-marzo-2020 ; https://www.gazzettaufficiale.it/eli/gu/2020/03/08/59/sg/pdf",2020-12-18,2020-12-18 19:24:58
"R_3G6QuDBR5C7KnfoDn","6769009","update","original","Change of Policy","Strengthening","March 9, 2020: With DPCM 9 Marzo, the Governments declares that in-person activities will be suspended for all school levels. This includes pre-school, Universities and all degree-granting institutions. 
The proceedings do not apply to specialization courses and traineeship for medical schools and healthcare professions. UPDATE: April 1, 2020: With DPCM 1 Aprile, the end for this policy previously set for April 3 is extended to April 13.",2020-03-09,2020-04-04,2020-04-13,"Italy","ITA","IT","National",1,NA,NA,NA,"Closure and Regulation of Schools","Primary Schools (generally for children ages 10 and below)",NA,"Primary Schools closed/locked down","Italy",NA,NA,NA,NA,NA,NA,NA,NA,"Mandatory (Unspecified/Implied)","National Government,Ministry/Department of Health",57.2876937025375,53.6300795359391,50.2071921040144,143,"NA",2021-01-17,2021-01-17 19:01:49
"R_2q7xWY5lEebZd6oFl","1915518","new_entry","correction",NA,NA,"On July 8 2020, Italy announced a 3 month ban on Bangladeshi citizens and travelers from Bangladesh after COVID-19 positive people found with fake certificates, ban will remain until October 05.",2020-07-08,2020-07-08,2020-10-05,"Italy","ITA","IT","National",0,NA,NA,NA,"External Border Restrictions","Visa restrictions (e.g. suspend issuance of visa)",NA,NA,"Bangladesh","One or more countries and one or more regional groupings",NA,NA,NA,NA,"All (Travelers + Residents)","Inbound","Flights","Mandatory (Unspecified/Implied)","National Government,Ministry/Department of Health",NA,NA,NA,NA,"NA",2021-01-15,2021-01-15 13:06:49
"R_2THJm65VVzXNPPSFl","1915518","update","original","Change of Policy","Relaxing","Italy slaps a 3 month ban on Bangladeshi citizens and travelers from Bangladesh after COVID-19 positive people found with fake certificates, ban will remain until October 05. announced on July 08. UPDATE: On July 16th, the ban has been shortened and extended till July 31st.",2020-07-16,2020-07-16,2020-10-05,"Italy","ITA","IT","National",1,NA,NA,NA,"External Border Restrictions","Visa restrictions (e.g. suspend issuance of visa)",NA,NA,"Bangladesh","One or more countries and one or more regional groupings",NA,NA,NA,NA,"All (Travelers + Residents)","Inbound","Flights","Mandatory (Unspecified/Implied)","National Government,Ministry/Department of Health",NA,NA,NA,NA,"NA",2020-10-27,2020-10-27 17:22:32
"R_XobZJo31ncgE0JbFl","1915518","update","original","Change of Policy","Strengthening","Italy slaps a 3 month ban on Bangladeshi citizens and travelers from Bangladesh after COVID-19 positive people found with fake certificates, ban will remain until October 05. announced on July 08. UPDATE: On August 1st, the restrictions has been extended to August 31st.",2020-08-01,2020-08-01,2020-10-05,"Italy","ITA","IT","National",1,NA,NA,NA,"External Border Restrictions","Visa restrictions (e.g. suspend issuance of visa)",NA,NA,"Bangladesh","One or more countries and one or more regional groupings",NA,NA,NA,NA,"All (Travelers + Residents)","Inbound","Flights","Mandatory (Unspecified/Implied)","National Government,Ministry/Department of Health",NA,NA,NA,NA,"NA",2020-10-15,2020-10-15 17:52:21
"R_3JqP2KB9ehJBvtFNA","1546385","new_entry","original",NA,NA,"On April 26, 2020, the Italian Prime Minister announced a national lockdown (except for essential services and activites) from May 4 to May 17, 2020.",2020-04-26,2020-05-04,2020-05-17,"Italy","ITA","IT","National",1,NA,NA,NA,"Lockdown",NA,NA,NA,"Italy",NA,NA,NA,NA,NA,NA,NA,NA,"Mandatory (Unspecified/Implied)","National Government",NA,NA,NA,NA,"https://anci.lombardia.it/documenti/9875-DPCM%20e%20allegato%20del%2026%20aprile%202020.pdf.pdf",2020-12-24,2020-12-24 16:46:14
"R_1mq6imEuRfMhvBHNA","1445515","new_entry","correction",NA,NA,"From June 22, 2020 until June 26, 2020, the region of Calabria (Italy) has enforced a 4-day lockdown for ""all individuals in the Municipality of Palmi (RC), specifically in the neighbourhoods of Pietrenere, Tonnara, Scinà.""",2020-06-21,2020-06-22,2020-06-26,"Italy","ITA","IT","Provincial",1,"Calabria","IT-78",NA,"Lockdown",NA,NA,NA,"Italy","One or more cities within a country",NA,NA,"Palmi (RC)",NA,"All Residents (Citizen Residents +Foreign Residents)","Inbound/Outbound","Not Applicable","Mandatory with Fines","Provincial/State Government,Municipal Government,Police",NA,NA,NA,NA,"NA",2020-09-18,2020-09-18 11:09:10
"R_WfbrFSTrTOnanRvNA","8196541","new_entry","correction",NA,NA,"The Swedish National Board of Health and Welfare have clarified that elderly will not be exempt from ICU care due to age discrimination, debunking a rumour that the Board claims to have been spread by media. This was anounced on April 27th, 2020. The Board clarifies that the law states that the patient(s) with highest chance of survival should be prioritized if the ICU unit doesn't have sufficient capacity, in accordance with Swedish law.",2020-04-27,2020-04-27,2020-04-28,"Sweden","SWE","SE","National",1,NA,NA,NA,"Anti-Disinformation Measures",NA,NA,NA,"Sweden",NA,NA,NA,NA,NA,"All (Travelers + Residents)",NA,NA,"Voluntary/Recommended but No Penalties","Other (Please specify in the text box)",56.5324587947196,51.4786736523893,45.9242741341266,37,"https://www.krisinformation.se/en/news/2020/april/age-does-not-determine-the-right-to-healthcare",2020-12-13,2020-12-13 16:56:51
"R_Y6n3mc6OMdIPHdnNA","6835065","new_entry","correction",NA,NA,"The Swedish National Board of Health and Welfare has anounced that the media reporting of risky masks distributed by the Board are untrue. The Board points out that the masks have been tested and certified, as well as approved by the Swedish Work Environment Authority.This was anounced on July 10th, 2020.",2020-07-10,2020-07-10,2020-07-11,"Sweden","SWE","SE","National",1,NA,NA,NA,"Anti-Disinformation Measures",NA,NA,NA,"Sweden",NA,NA,NA,NA,NA,NA,NA,NA,"Voluntary/Recommended but No Penalties","Other (Please specify in the text box)",NA,NA,NA,NA,"https://www.socialstyrelsen.se/om-socialstyrelsen/pressrum/press/inget-hinder-att-anvanda-maskerna-fran-socialstyrelsen/",2020-12-13,2020-12-13 16:51:55
"R_2BhOZWGvK0wOx21Dn","9924694","new_entry","original",NA,NA,"On March 13th, 2020, the Swiss canton of Appenzell Ausserrhoden announced that schools in the canton must not offer presence-based teaching until at least April 4th. Attending classes is nevertheless mandatory and will be conducted through online teaching and projects. Parents of pupils requiring school care should get in contact with the school's principal office.",2020-03-13,2020-03-13,2020-04-04,"Switzerland","CHE","CH","Provincial",1,"Appenzell Ausserrhoden","CH-AR",NA,"Closure and Regulation of Schools","Primary Schools (generally for children ages 10 and below)",NA,"Primary Schools closed/locked down","Switzerland",NA,NA,NA,NA,NA,NA,NA,NA,"Mandatory (Unspecified/Implied)","Provincial/State Government",53.7654271460013,52.7333709395582,51.9325473039725,179,"https://www.ar.ch/schnellzugriff/medienmitteilungen-der-kantonalen-verwaltung/archiv-medienmitteilungen-der-kantonalen-verwaltung/detail/news/coronavirus-bundesrat-verschaerft-massnahmen-auswirkungen-auf-appenzell-ausserrhoden/?tx_news_pi1%5Bcontroller%5D=News&tx_news_pi1%5Baction%5D=detail&cHash=477c7620cc7778ea1c9584701c15373a",2020-07-31,2020-07-31 09:41:45
"R_T5DBS677oLHbK7fDn","5921858","new_entry","correction",NA,NA,"On March 14 the Thurgau Government decided to follow tthe decision of the federal government to close schools from March 13 until March 30",2020-03-13,2020-03-13,2020-03-30,"Switzerland","CHE","CH","Provincial",1,"Thurgau","CH-TG",NA,"Closure and Regulation of Schools","Primary Schools (generally for children ages 10 and below)",NA,"Primary Schools closed/locked down","Switzerland",NA,NA,NA,NA,NA,NA,NA,NA,"Mandatory (Unspecified/Implied)","Provincial/State Government",53.7654271460013,52.7333709395582,51.9325473039725,179,"https://av.tg.ch/public/upload/assets/93137/DEK-EN%2020200314%20Umsetzung%20der%20Verordnung%202%20vom%2013.%20Maerz%202020%20ueber%20Massnahmen%20zur%20Bekaempfung%20des%20Coronavirus.pdf",2020-08-11,2020-08-11 11:12:45
"R_1lghcBurCe2TOqcDn","1179383","new_entry","correction",NA,NA,"On March 16, 2020, the Swiss canton of Obwalden announced that school closures based on federal guidelines from March 13 would be extended until April 26 for all schools in the canton, regardless of federal policies.",2020-03-16,2020-03-13,2020-04-26,"Switzerland","CHE","CH","Provincial",1,"Obwalden","CH-OW",NA,"Closure and Regulation of Schools","Primary Schools (generally for children ages 10 and below)",NA,"Primary Schools closed/locked down","Switzerland",NA,NA,NA,NA,NA,"All Residents (Citizen Residents +Foreign Residents)",NA,NA,"Mandatory (Unspecified/Implied)","Provincial/State Government,Other (Please specify in the text box)",53.7654271460013,52.7333709395582,51.9325473039725,179,"NA",2020-09-18,2020-09-18 11:42:35
"R_1mXmw3ZKjGKW0D3Dn","7217769","new_entry","original",NA,NA,"on March 13, 2020 Swiss Canton Geneva closed all private and public schools and children day care facilities after March 16 till April 8 (Easter break). Minimum daycare is provided only for children (age 0-10) of families without any other option.",2020-03-13,2020-03-16,2020-05-11,"Switzerland","CHE","CH","Provincial",1,"Geneva","CH-GE",NA,"Closure and Regulation of Schools","Primary Schools (generally for children ages 10 and below)",NA,"Primary Schools closed/locked down","Switzerland",NA,NA,NA,NA,NA,NA,NA,NA,"Mandatory (Unspecified/Implied)","Provincial/State Government,Municipal Government,Other (Please specify in the text box)",55.3349789272904,54.3028451662342,53.2699194852477,189,"https://www.ge.ch/document/arrete-relatif-fermeture-structures-accueil-prescolaire-etablissements-scolaires-publics-prives-que-hautes-ecoles-territoire-republique-canton-geneve ; pdf ; https://www.ge.ch/document/covid-19-maintenir-lien-eleves-leurs-familles-consolider-competences-acquises-garantir-certifications-orientation-eleves",2020-04-16,2020-04-16 14:59:58
"R_WARagYHuiVWOpYlDn","1034717","new_entry","original",NA,NA,"On March 14th Uri annonced the closure of schools until at least 19th of April",2020-03-14,2020-03-16,2020-05-11,"Switzerland","CHE","CH","Provincial",1,"Uri","CH-UR",NA,"Closure and Regulation of Schools","Primary Schools (generally for children ages 10 and below)",NA,"Primary Schools closed/locked down","Switzerland",NA,NA,NA,NA,NA,NA,NA,NA,"Mandatory (Unspecified/Implied)","Provincial/State Government",55.3349789272904,54.3028451662342,53.2699194852477,189,"https://www.luzernerzeitung.ch/zentralschweiz/uri/auch-uri-verschaerft-massnahmen-gegen-das-corona-virus-ld.1204141 ; https://www.luzernerzeitung.ch/zentralschweiz/uri/urner-schueler-lernen-ab-jetzt-zu-hause-notfalls-auch-analog-ld.1204698",2020-08-02,2020-08-02 09:50:43
"R_3g7U3ZknaYkYxV9Dn","7217769","update","original","Change of Policy","Strengthening","On  April 9, 2020 Swiss Canton Geneva extended the closure of all private and public schools and children day care facilities till April 26. Minimum daycare is provided only for children (age 0-10) of families without any other option. UPDATE: The original school closure was set to last until April 9, it has been extended to April 26, 2020.",2020-04-09,2020-04-09,2020-05-11,"Switzerland","CHE","CH","Provincial",1,"Geneva","CH-GE",NA,"Closure and Regulation of Schools","Primary Schools (generally for children ages 10 and below)",NA,"Primary Schools closed/locked down","Switzerland",NA,NA,NA,NA,NA,NA,NA,NA,"Mandatory (Unspecified/Implied)","Provincial/State Government,Municipal Government,Other (Please specify in the text box)",57.449417258834,55.0698233621522,52.9696439242443,181,"NA ; https://www.ge.ch/document/arrete-prolongeant-arrete-du-13-mars-2020-relatif-fermeture-structures-accueil-prescolaire-etablissements-scolaires-publics-prives-que-hautes-ecoles-territoire-republique-canton-geneve ; Canton Geneva official journal ; 1-_ace_09042020_prolongeant_la_fermeture_des_structures_scolaires_pdfa",2020-05-17,2020-05-17 11:37:15
"R_1GwwuFfylX5k6x0Dn","7217769","update","original","Change of Policy","Both Strengthening and Relaxing","On April 23, 2020 Swiss Canton Geneva has extended the closure of all private and public schools and children day care facilities ( age 4 to 14) till May 11. Minimum daycare is provided for children (age 4-10) of families without any other option.
Childcare facilities for small children ( age 0-4) will start to gradually reopen after April 27. A new directive for these institutions is launched.

 UPDATE: The original school closure was first set to last until April 9, then it has been extended till April 26, now it is extended till May 11, 2020.",2020-04-23,2020-04-27,2020-05-11,"Switzerland","CHE","CH","Provincial",1,"Geneva","CH-GE",NA,"Closure and Regulation of Schools","Primary Schools (generally for children ages 10 and below)",NA,"Primary Schools closed/locked down","Switzerland",NA,NA,NA,NA,NA,NA,NA,NA,"Mandatory (Unspecified/Implied)","Provincial/State Government,Municipal Government,Other (Please specify in the text box)",59.9685190467177,55.2208032599956,49.421360693842,184,"NA ; https://www.ge.ch/document/directive-conditions-accueil-enfants-reouverture-progressive-structures-accueil-petite-enfance-covid-19 ; Canton Geneva ; Directive sur les conditions d'accueil des enfants - réouverture progressive des structures d'accueil de la petite enfance Covid 19 ; https://www.ge.ch/document/directive-conditions-accueil-enfants-reouverture-progressive-structures-accueil-petite-enfance-covid-19/telecharger ; https://www.geneve.ch/fr/themes/structures-accueil-enfance-activites-extrascolaires/creches-autres-structures-accueil",2020-05-17,2020-05-17 13:04:06
"R_273Vi8gqkrdEJZSDn","7217769","update","original","End of Policy","Both Strengthening and Relaxing","On April 30, 2020 Swiss Canton Geneva announced the gradual reopening of compulsory schools after May 11, 2020. UPDATE: School closure was extended till May 11, now compusory schools are gradually reopening.",2020-04-30,2020-05-11,2020-05-11,"Switzerland","CHE","CH","Provincial",1,"Geneva","CH-GE",NA,"Closure and Regulation of Schools","Primary Schools (generally for children ages 10 and below)",NA,"Primary Schools closed/locked down","Switzerland",NA,NA,NA,NA,NA,NA,NA,NA,"Mandatory (Unspecified/Implied)","Provincial/State Government,Municipal Government,Other (Please specify in the text box)",NA,NA,NA,NA,"NA",2020-05-20,2020-05-20 16:52:02
"R_1MKb4dNHrqGO4wKDn","1034717","update","original","End of Policy",NA,"On March 14th Uri annonced the closure of schools until at least 19th of April

May 4th: Schools may reopen starting May 11th UPDATE: Schools can reopen starting May 11th",2020-05-04,2020-05-11,2020-05-11,"Switzerland","CHE","CH","Provincial",1,"Uri","CH-UR",NA,"Closure and Regulation of Schools","Primary Schools (generally for children ages 10 and below)",NA,"Primary Schools closed/locked down","Switzerland",NA,NA,NA,NA,NA,NA,NA,NA,"Mandatory (Unspecified/Implied)","Provincial/State Government",NA,NA,NA,NA,"NA",2020-08-02,2020-08-02 09:53:42
"R_QoxocsTPMg7ub5fEy","8340357","new_entry","original",NA,NA,"From the 17 March 2020 onwards, the Swiss Federal Council extends the entrance ban introduced to Italy to France, Austria and Germany. Entrance remains allowed for Swiss citizens, people with a residence permit in Switzerland, people traveling through Switzerland, and people who have to travel to Switzerland for professional reasons. Transit and goods traffic are also allowed. Finally, people in a situation of absolute necessity may also enter from these countries.",2020-03-17,2020-03-17,2020-03-18,"Switzerland","CHE","CH","National",0,NA,NA,NA,"External Border Restrictions","Total border crossing ban",NA,NA,"Austria,France,Germany,Italy","One or more countries, but not all countries",NA,NA,NA,NA,"Foreign Travelers","Inbound","Flights,Land Border,Trains,Buses","Mandatory with Legal Penalties (Jail Time),Mandatory with Fines,Mandatory with Exceptions (Please list exceptions in the text entry),Mandatory (Other; please list other enforcement mechanisms in the text entry)","National Government,Other (Please specify in the text box)",55.4980248536707,54.4612285246017,53.5580660205129,190,"https://www.admin.ch/opc/de/classified-compilation/20200744/202003170000/818.101.24.pdf",2021-01-14,2021-01-14 12:11:13
"R_DCbPMHXV7xTHU5zEy","9214528","new_entry","correction",NA,NA,"On March 18, the Swiss Federal Council extends the entrance ban introduced to Germany, Austria, Italy and France to foreign travelers from Spain and all non-Schengen states. Entrance remains allowed for Swiss citizens, people with a residence permit in Switzerland, people traveling through Switzerland, and people who have to travel to Switzerland for professional reasons as well as supporting health care workers. Transit and goods traffic are also allowed. Finally, people in a situation of absolute necessity may also enter from these countries.",2020-03-18,2020-03-18,2020-03-25,"Switzerland","CHE","CH","National",0,NA,NA,NA,"External Border Restrictions","Total border crossing ban",NA,NA,"Afghanistan,Albania,Algeria,Andorra,Angola,Antigua and Barbuda,Argentina,Armenia,Australia,Austria,Azerbaijan,Bahamas,Bahrain,Bangladesh,Barbados,Belarus,Belize,Benin,Bhutan,Bolivia,Bosnia and Herzegovina,Botswana,Brazil,Brunei,Bulgaria,Burkina Faso,Burundi,Cabo Verde,Cambodia,Cameroon,Canada,Central African Republic,Chad,Chile,China,Colombia,Comoros,Costa Rica,Croatia,Cuba,Cyprus,Democratic Republic of the Congo,Djibouti,Dominica,Dominican Republic,Ecuador,Egypt,El Salvador,Equatorial Guinea,Eritrea,Eswatini,Ethiopia,Fiji,France,Gabon,Gambia,Georgia,Germany,Ghana,Grenada,Guatemala,Guinea,Guinea-Bissau,Guyana,Haiti,Honduras,Hong Kong,India,Indonesia,Iran,Iraq,Ireland,Israel,Italy,Ivory Coast,Jamaica,Japan,Jordan,Kazakhstan,Kenya,Kiribati,Kosovo,Kuwait,Kyrgyzstan,Laos,Lebanon,Lesotho,Liberia,Libya,Macau,Madagascar,Malawi,Malaysia,Maldives,Mali,Marshall Islands,Mauritania,Mauritius,Mexico,Micronesia,Moldova,Monaco,Mongolia,Montenegro,Morocco,Mozambique,Myanmar,Namibia,Nauru,Nepal,New Zealand,Nicaragua,Niger,Nigeria,North Korea,North Macedonia,Northern Cyprus,Oman,Pakistan,Palau,Palestine,Panama,Papua New Guinea,Paraguay,Peru,Philippines,Portugal,Qatar,Republic of the Congo,Romania,Russia,Rwanda,Saint Kitts and Nevis,Saint Lucia,Saint Vincent and the Grenadines,Samoa,San Marino,Sao Tome and Principe,Saudi Arabia,Senegal,Serbia,Seychelles,Sierra Leone,Singapore,Solomon Islands,Somalia,South Africa,South Korea,South Sudan,Spain,Sri Lanka,Sudan,Suriname,Syria,Taiwan,Tajikistan,Tanzania,Thailand,Timor Leste,Togo,Tonga,Trinidad and Tobago,Tunisia,Turkey,Turkmenistan,Tuvalu,Uganda,Ukraine,United Arab Emirates,United Kingdom,United States,Uruguay,Uzbekistan,Vanuatu,Vatican,Venezuela,Vietnam,Yemen,Zambia,Zimbabwe","One or more countries, but not all countries",NA,NA,NA,NA,"Foreign Travelers","Inbound","Flights,Land Border,Trains,Buses","Mandatory with Legal Penalties (Jail Time),Mandatory with Fines,Mandatory with Exceptions (Please list exceptions in the text entry),Mandatory (Other; please list other enforcement mechanisms in the text entry)","National Government,Other (Please specify in the text box)",55.7941605051557,54.5099045314589,53.4057208751232,189,"https://www.admin.ch/opc/de/classified-compilation/20200744/202003190000/818.101.24.pdf",2021-01-14,2021-01-14 12:20:55
"R_3kqfLMRqISoiZ6HEy","8340357","update","original","End of Policy",NA,"From the 17 March 2020 onwards, the Swiss Federal Council extends the entrance ban introduced to Italy to France, Austria and Germany. Entrance remains allowed for Swiss citizens, people with a residence permit in Switzerland, people traveling through Switzerland, and people who have to travel to Switzerland for professional reasons. Transit and goods traffic are also allowed. Finally, people in a situation of absolute necessity may also enter from these countries. UPDATE: The original entrance ban introduced to foreign travelers from Germany, Austria, Italy and France from March 17, 2020 has been expanded to Spain and all non-Schengen states on March 18, 2020.",2020-03-18,2020-03-18,2020-03-18,"Switzerland","CHE","CH","National",1,NA,NA,NA,"External Border Restrictions","Total border crossing ban",NA,NA,"Austria,France,Germany,Italy","One or more countries, but not all countries",NA,NA,NA,NA,"Foreign Travelers","Inbound","Flights,Land Border,Trains,Buses","Mandatory with Legal Penalties (Jail Time),Mandatory with Fines,Mandatory with Exceptions (Please list exceptions in the text entry),Mandatory (Other; please list other enforcement mechanisms in the text entry)","National Government,Other (Please specify in the text box)",55.7941605051557,54.5099045314589,53.4057208751232,189,"NA",2021-01-14,2021-01-14 12:16:38
"R_27J5WXCzKeDbSs5Ey","9214528","update","original","End of Policy",NA,"On March 18, the Swiss Federal Council extends the external border checks introduced to Germany, Austria, Italy and France to foreign travelers from Spain and all non-Schengen states. Entrance remains allowed for Swiss citizens, people with a residence permit in Switzerland, people traveling through Switzerland, and people who have to travel to Switzerland for professional reasons as well as supporting health care workers. Transit and goods traffic are also allowed. Finally, people in a situation of absolute necessity may also enter from these countries. UPDATE: On March 25, the external border restrictions' geographical target was extended to all states except for Liechtenstein.",2020-03-25,2020-03-25,2020-03-25,"Switzerland","CHE","CH","National",1,NA,NA,NA,"External Border Restrictions","Total border crossing ban",NA,NA,"Afghanistan,Albania,Algeria,Andorra,Angola,Antigua and Barbuda,Argentina,Armenia,Australia,Austria,Azerbaijan,Bahamas,Bahrain,Bangladesh,Barbados,Belarus,Belize,Benin,Bhutan,Bolivia,Bosnia and Herzegovina,Botswana,Brazil,Brunei,Bulgaria,Burkina Faso,Burundi,Cabo Verde,Cambodia,Cameroon,Canada,Central African Republic,Chad,Chile,China,Colombia,Comoros,Costa Rica,Croatia,Cuba,Cyprus,Democratic Republic of the Congo,Djibouti,Dominica,Dominican Republic,Ecuador,Egypt,El Salvador,Equatorial Guinea,Eritrea,Eswatini,Ethiopia,Fiji,France,Gabon,Gambia,Georgia,Germany,Ghana,Grenada,Guatemala,Guinea,Guinea-Bissau,Guyana,Haiti,Honduras,Hong Kong,India,Indonesia,Iran,Iraq,Ireland,Israel,Italy,Ivory Coast,Jamaica,Japan,Jordan,Kazakhstan,Kenya,Kiribati,Kosovo,Kuwait,Kyrgyzstan,Laos,Lebanon,Lesotho,Liberia,Libya,Macau,Madagascar,Malawi,Malaysia,Maldives,Mali,Marshall Islands,Mauritania,Mauritius,Mexico,Micronesia,Moldova,Monaco,Mongolia,Montenegro,Morocco,Mozambique,Myanmar,Namibia,Nauru,Nepal,New Zealand,Nicaragua,Niger,Nigeria,North Korea,North Macedonia,Northern Cyprus,Oman,Pakistan,Palau,Palestine,Panama,Papua New Guinea,Paraguay,Peru,Philippines,Portugal,Qatar,Republic of the Congo,Romania,Russia,Rwanda,Saint Kitts and Nevis,Saint Lucia,Saint Vincent and the Grenadines,Samoa,San Marino,Sao Tome and Principe,Saudi Arabia,Senegal,Serbia,Seychelles,Sierra Leone,Singapore,Solomon Islands,Somalia,South Africa,South Korea,South Sudan,Spain,Sri Lanka,Sudan,Suriname,Syria,Taiwan,Tajikistan,Tanzania,Thailand,Timor Leste,Togo,Tonga,Trinidad and Tobago,Tunisia,Turkey,Turkmenistan,Tuvalu,Uganda,Ukraine,United Arab Emirates,United Kingdom,United States,Uruguay,Uzbekistan,Vanuatu,Vatican,Venezuela,Vietnam,Yemen,Zambia,Zimbabwe","One or more countries, but not all countries",NA,NA,NA,NA,"Foreign Travelers","Inbound","Flights,Land Border,Trains,Buses","Mandatory with Legal Penalties (Jail Time),Mandatory with Exceptions (Please list exceptions in the text entry)","National Government,Military,Police",56.8614583281838,54.6516003562927,52.2386546360722,184,"NA",2020-11-03,2020-11-03 08:28:06
"R_Wd3sUEtdPRECEspCt","8268309","new_entry","correction",NA,NA,"March 17  non urgent hospital treatment will be postponed has been decided on a national level. Canton Glarus",2020-03-17,2020-03-17,2020-04-27,"Switzerland","CHE","CH","National",1,"Glarus","CH-GL",NA,"Health Resources","Other Health Infrastructure",NA,NA,"Switzerland","One or more provinces within a country",NA,"Glarus",NA,NA,"All (Travelers + Residents)",NA,"Not Applicable","Mandatory (Unspecified/Implied)","National Government",55.4980248536707,54.4612285246017,53.5580660205129,190,"https://www.gl.ch/public-newsroom/details.html/31/news/12965",2020-07-23,2020-07-23 12:06:48
"R_2WU1UmGLloAw2GICt","8268309","update","original","End of Policy",NA,"Switzerland, canton Glarus  Hospital Treatments are postponed, March 17 2020. All non urgent hospital treatments and outpatient appointments are postponed. From April 27, the hospital is allowed to conduct non-urgent treatments. UPDATE: From April 27, the hospital is allowed to conduct non-urgent treatments.",2020-04-23,2020-04-27,2020-04-27,"Switzerland","CHE","CH","National",1,"Glarus","CH-GL",NA,"Health Resources","Other Health Infrastructure",NA,NA,"Switzerland","One or more provinces within a country",NA,"Glarus",NA,NA,"All (Travelers + Residents)",NA,"Not Applicable","Mandatory (Unspecified/Implied)","National Government",59.9685190467177,55.2208032599956,49.421360693842,184,"NA",2020-08-07,2020-08-07 10:18:22
